Bigass NES Mapper List 0.1 - This document is intended to serve as some sort,,,,,,
"of master list for ROMs.  For example, say you find something set to the",,,,,,
"wrong mapper, but you have no idea where it should be - check here and save",,,,,,
yourself time.,,,,,,
,,,,,,
"What it is - A damn near complete list of all the .NES format ROMs out there,",,,,,,
             with a proverbial buttload of entries (don't feel like counting),,,,,,
             and mapper info for each.  ,,,,,,
,,,,,,
What it's not - Entirely complete.  There's a rather large number of Japanese,,,,,,
"                ROMs missing from this list (Hi, Keropi!) but I don't feel",,,,,,
"                that their absence is that big of a deal, considering that",,,,,,
                those particular ROMs are only in the hands of a -very- few,,,,,,
"                people.  Consider this a complete list for ""findable"" ROMs.",,,,,,
"                Also, the mirroring info given isn't always to be trusted.",,,,,,
"                These just happen to be what mine are set on, so if one doesn't",,,,,,
"                work, flip it.",,,,,,
,,,,,,
"Suggestions - If you have some suggestions for the list, mail me at the address",,,,,,
"              below.  Should I divide these up into US/Japanese/Euro, or leave",,,,,,
"              it like it is?  Also, what about FDS games - any use in adding",,,,,,
              those?,,,,,,
,,,,,,
"If you have any questions or whatnot, you can mail me at lugnut@hotmail.com",,,,,,
,,,,,,
Summary,,,,,,
MMC1,448,,,,,
MMC3,440,,,,,
UNROM,203,,,,,
NROM,148,,,,,
CNROM,120,,,,,
AOROM,43,,,,,
Bandai,18,,,,,
Colour Dreams,16,,,,,
Namcot 106,16,,,,,
Camerica,12,,,,,
74161/32,11,,,,,
MMC5,11,,,,,
AVE,9,,,,,
SS8806,9,,,,,
FFE F8xxx,8,,,,,
FFE F4xxx,7,,,,,
Nina-1,6,,,,,
Sunsoft 5,6,,,,,
VRC2B,5,,,,,
MMC2,4,,,,,
Taito X117,4,,,,,
TC0190/TC0350,4,,,,,
TQROM,4,,,,,
-15,3,,,,,
Irem G101,3,,,,,
-none assigned-,3,,,,,
Rambo-1,3,,,,,
Sunsoft 4,3,,,,,
Unisystem,3,,,,,
-225,2,,,,,
FFE F3xxx,2,,,,,
Irem H3001,2,,,,,
PCJY??,2,,,,,
TC0190 / TC0350,2,,,,,
VRC4,2,,,,,
VRC4-2A,2,,,,,
-228,1,,,,,
-227,1,,,,,
0,1,,,,,
HK-SF3,1,,,,,
Irem 74161/32,1,,,,,
Irem G-101,1,,,,,
MMC4,1,,,,,
Namco 118,1,,,,,
Namco 1xx,1,,,,,
PC-Cony,1,,,,,
Taito X005,1,,,,,
TC190V,1,,,,,
VRC4-1B,1,,,,,
VRC6,1,,,,,
VRC6v,1,,,,,
VRC7,1,,,,,
,,,,,,
Title,PRG (KB),CHR (KB),Mirroring,Mapper Name,Mapper #,Comment
,,,,,,
10 Yard Fight,32,8,H,NROM,0,
10 Yard Fight (J),16,8,H,NROM,0,
100 In 1 - Contra Function 16,1024,0,V,-15,-15,
100 Kiyagyou,128,128,H,MMC1,1,
100 Man Doru Kid,256,0,H,UNROM,2,
110 in 1 Menu,16,8,V,0,0,
1200 In 1,512,0,H,-227,-227,
1942 (J),32,8,H,NROM,0,
1943,128,0,H,UNROM,2,
1943 (J),128,0,H,UNROM,2,
1944,128,0,H,UNROM,2,
1999 Hore Mitakotoka Sekimatsu,256,128,V,MMC3,4,
3D Worldrunner,256,0,V,Nina-1,34,
58 In 1,1024,512,H,-225,-225,
58 In 1 Menu,16,8,V,NROM,0,
72 In 1,1024,512,H,-225,-225,
720,128,0,V,MMC1,1,
76 In 1 Menu,32,0,H,NROM,0,
8 Eyes,128,128,H,MMC3,4,
8 Eyes (J),128,128,H,MMC3,4,
'89 Dennou Hosi Uranai,256,0,H,MMC1,1,
A-Ressya De Ikou,128,16,H,MMC1,1,
Abadox,128,128,H,MMC1,1,
Abadox (J),128,128,H,MMC1,1,
Abarenbou Tengu,128,128,H,MMC3,4,
Acchi Kocchi Socchi,128,128,H,MMC1,1,
Action 52,1536,512,H,-228,-228,
"Addams Family, The",128,128,H,MMC1,1,
"Addams Family 2, The (Pugsley)",128,128,H,MMC1,1,
Adventure Island,32,32,H,CNROM,3,
Adventure Island 2,128,128,H,MMC3,4,
Adventure Island 3,128,128,H,MMC3,4,
Adventures in the Magic Kingdom,128,128,H,MMC1,1,
Adventures of Bayou Billy,128,128,V,MMC1,1,
Adventures of Bayou Billy (PAL),128,128,H,MMC1,1,
Adventures of Captain Comic,64,64,V,Colour Dreams,11,
Adventures of Dino-Riki,32,32,V,CNROM,3,
Adventures of Lolo,32,32,H,MMC1,1,
Adventures of Lolo (J),32,32,H,MMC3,4,
Adventures of Lolo 2,32,32,H,MMC3,4,
Adventures of Lolo 3,128,128,H,MMC1,1,
"Adventures of Rad Gravity, The",128,128,H,MMC1,1,
Adventures of Rad Gravity (PAL),128,128,H,MMC1,1,
Adventures of Rocky & Bullwinkle,128,120,H,MMC3,4,missing 8k
"Adventures of Tom Sawyer, The",128,128,V,MMC1,1,
Afterburner 2 (J),128,256,V,Sunsoft 4,68,
Ai Sensei no Oshiete Watashi no Hosi,256,128,H,Irem G-101,32,
Aigiina no Yogen,128,0,V,UNROM,2,
Air Fortress,128,32,H,MMC1,1,
Air Fortress (J),128,128,H,MMC1,1,
Airwolf,32,128,H,MMC1,1,
Airwolf (PAL),32,128,H,MMC1,1,
Akira,128,256,V,MMC3,4,
Akuma Kun,128,128,H,Bandai,16,
Akuma no Shoutaijou,128,128,H,MMC3,4,
Akumajo Dracula,128,0,V,UNROM,2,
Akumajo Dracula 3,256,128,V,VRC6,24,
Akumajo Dracula 3 [Hacked],256,128,V,Bandai,16,
Al Unser Jr's Turbo Racing,128,128,V,MMC1,1,
Alfred Chicken,128,0,H,UNROM,2,
Algos no Senshi,128,0,V,UNROM,2,
Alien 3,128,128,H,MMC3,4,
Alien Syndrome (J),128,128,H,MMC1,1,
All Pro Basketball,128,128,V,MMC1,1,
Alpha Mission,32,32,H,CNROM,3,
Altered Beast,128,128,H,MMC3,4,
Amagon,128,0,V,UNROM,2,
America Oudan no Ultra Quiz,512,0,V,MMC3,4,
American Dream,128,128,H,MMC1,1,
American Gladiators,128,128,H,MMC1,1,
Ankoku Sinwa,256,0,H,MMC1,1,
Anpan Man no Hiragana Daisuki,128,128,H,MMC3,4,
Antarctic Adventure,16,8,H,NROM,0,
Anticipation,32,32,H,MMC1,1,
Arabian Dream Sharezerd [hacked],256,0,V,FFE F4xxx,6,
Arch Rivals,128,0,H,AOROM,7,
Archon,128,0,H,UNROM,2,
Arctic,128,0,V,UNROM,2,
Argus,32,16,V,CNROM,3,
Arkanoid,32,8,V,NROM,0,
Armored Scrum Object,32,32,H,CNROM,3,
Artelius,128,32,H,MMC1,1,
Asmikkun Land,128,128,V,MMC3,4,
Asterix (PAL),128,0,V,UNROM,2,
Astro Robo Sasa,32,8,V,NROM,0,
Astyanax,128,128,H,MMC3,4,
Athena,128,0,V,UNROM,2,
Athena (J),128,0,V,UNROM,2,
Athletic World,32,32,H,CNROM,3,
Atlantis no Nazo,32,24,V,MMC1,1,
Attack Animal Gakuen,128,0,V,UNROM,2,
Attack of the Killer Tomatoes,128,128,H,MMC1,1,
AV Pachi Slot,32,64,H,CNROM,3,
B-Wings,32,8,H,NROM,0,
Babel no Tou,32,32,H,MMC3,4,
Baby Boomer,64,16,V,Colour Dreams,11,
Back to the Future,32,8,V,NROM,0,bad dump
Back to the Future 2/3,128,128,V,MMC1,1,
Bad Dudes,128,128,H,MMC3,4,
Bad News Baseball,128,128,V,MMC1,1,
Bad Street Brawler,128,0,V,MMC1,1,
Baken Hissyougaku Gate-In,256,0,H,MMC1,1,
Bakusyou Jinsei Gekijyou,256,128,H,TC0190 / TC0350,33,
Bakusyou Jinsei Gekijyou 3,256,256,H,MMC3,4,
Ballblazer,128,0,V,UNROM,2,
Balloon Fight,16,8,V,NROM,0,
Balloon Fight (PAL),16,8,H,NROM,0,
Baltron,32,8,V,NROM,0,
Banana,32,32,V,CNROM,3,
Bananan no Ouiji Daibouken,128,128,H,MMC3,4,
Bandit Kings of Ancient China,256,128,H,MMC5,5,
Barbie,128,128,H,MMC1,1,
"Bard's Tale, The",128,0,H,MMC1,1,Possible bad dump?
"Bard's Tale, The (J)",256,0,H,MMC1,1,
"Bard's Tale 2, The",256,0,H,MMC1,1,
Barker Bill's Trick Shooting,64,112,H,MMC1,1,
Bart vs. the Space Mutants,128,128,V,MMC1,1,perhaps missing 128k in the PRG
Bart vs. the World,256,128,H,MMC3,4,
Bartman Meets Radioactive Man,256,128,H,MMC3,4,
Base Wars,128,128,H,MMC3,4,
Baseball,16,8,H,NROM,0,
Baseball (J),16,8,H,NROM,0,
Baseball Simulator 1000,128,128,V,MMC1,1,
Baseball Stars,128,128,V,MMC1,1,
Baseball Stars (J),128,128,V,MMC1,1,
Baseball Stars 2,256,128,H,MMC3,4,
Bases Loaded,256,64,H,MMC1,1,
Bases Loaded 2,256,128,H,MMC1,1,
Bases Loaded 3,256,128,H,MMC3,4,
Bases Loaded 4,256,128,H,MMC3,4,
Batman,128,128,H,MMC3,4,
Batman (J),128,128,H,Sunsoft 5,69,
Batman (PAL),128,128,H,MMC3,4,
Batman - Return of the Joker,128,256,H,Sunsoft 5,69,
Batman Returns,128,256,V,MMC3,4,
Battle Chess,256,0,H,MMC1,1,
Battle City,16,8,H,NROM,0,
"Battle of Olympus, The",128,0,V,MMC1,1,
Battle Stadium,128,128,V,MMC1,1,
Battle Storm,128,128,V,MMC1,1,
Battletoads,256,0,H,AOROM,7,
Battletoads (PAL),256,0,H,AOROM,7,
Battletoads / Double Dragon,256,0,H,AOROM,7,
Batu and Teree,128,0,V,UNROM,2,
Be-Bop High School,128,128,H,MMC1,1,
Bee 52,65,0,V,Camerica,71,Bad dump?
Beetlejuice,128,0,H,AOROM,7,
Best of the Best,256,0,V,UNROM,2,
Best Play Pro Yakyuu,128,32,V,MMC1,1,
Best Play Pro Yakyuu 2,256,0,H,MMC1,1,
Best Play Pro Yakyuu Special,256,0,H,MMC1,1,
Bible Adventures,64,64,V,Colour Dreams,11,
Big Bird's Hide and Speak,256,128,H,MMC1,1,
Big Nose Freaks Out,256,0,V,Camerica,71,
Bigfoot,128,128,H,MMC1,1,
Bikkuri Man World Gekitotu Sei Sensi,256,0,V,MMC1,1,
Bill and Ted's Excellent Adventure,128,128,H,MMC1,1,
Bill Elliot's NASCAR Challenge,128,256,H,MMC3,4,
Binary Land,16,8,H,NROM,0,
Bio Senshi Dan,128,128,H,74161/32,66,
Bionic Commando,256,0,V,MMC1,1,
Bird Week,16,0,V,CNROM,3,
Birdy Rush,128,128,H,MMC1,1,
"Black Bass, The",128,0,H,UNROM,2,
"Black Bass, The (J)",128,0,H,UNROM,2,
"Black Bass 2, The",128,0,H,UNROM,2,
Blades of Steel,128,0,V,UNROM,2,
Blades of Steel (PAL),128,0,V,UNROM,2,
Blaster Master,128,128,H,MMC1,1,
Blaster Master (PAL),128,128,H,MMC1,1,
Bloody Warriors,256,0,V,MMC1,1,
"Blue Marlin, The",128,128,H,MMC3,4,
Blue Shadow,128,128,H,MMC3,4,
Blue Train Satsujin Jiken,128,256,H,Bandai,16,"this is possibly a hacked version, since Irem made  the game."
"Blues Brothers, The",128,0,V,UNROM,2,
Bo Jackson Baseball,128,184,H,MMC3,4,
Bokosuka Wars,32,8,V,NROM,0,
Boku Dracula Kun,128,128,V,VRC2B,23,
Bomber King,128,0,V,UNROM,2,
Bomberman (J),16,8,V,NROM,0,
Bomberman 2 (J),128,0,V,UNROM,2,
Booby Kids,128,0,H,UNROM,2,
Boulder Dash,128,128,H,MMC1,1,
Boulder Dash (J),32,32,H,MMC1,1,
"Boy and His Blob, A",128,128,H,MMC1,1,
Breakthru,128,128,H,MMC1,1,
Brush Roller,16,8,V,CNROM,3,
Bubble Bobble,128,32,H,MMC1,1,
Bubble Bobble (PAL),128,32,H,MMC1,1,
Bubble Bobble 2,128,128,H,MMC3,4,
Bucky O' Hare,128,128,H,MMC3,4,
Bucky O' Hare (J),128,128,H,MMC3,4,
Bucky O' Hare (PAL),128,128,H,MMC3,4,
Buggy Popper,32,32,V,CNROM,3,
Bugs Bunny's Crazy Castle,64,32,H,MMC1,1,
Bugs Bunny's Birthday Blowout,128,128,H,MMC3,4,
Bump N' Jump,32,32,H,CNROM,3,
Burai Fighter,32,32,H,MMC3,4,
Burgertime (J),16,8,H,NROM,0,
Cabal,128,0,H,AOROM,7,
Cadillac,32,32,H,CNROM,3,
Caesar's Palace,256,0,H,AOROM,7,
California Games,128,0,V,UNROM,2,
Capcom Barcelona '92,128,128,H,MMC3,4,
Captain America and the Avengers,128,128,H,MMC3,4,
Captain Ed,256,0,V,MMC1,1,
Captain Planet,128,128,H,MMC3,4,
Captain Silver,128,128,H,MMC1,1,
Captain Skyhawk,128,0,H,AOROM,7,
Captain Tsubasa,128,128,V,MMC1,1,
Captain Tsubasa 2,256,128,V,MMC3,4,
Casino Kid,128,0,H,UNROM,2,
Castelian,128,0,V,UNROM,2,
Castelian (PAL),128,0,V,UNROM,2,
Castle Excellent,32,32,H,CNROM,3,
Castle of Deceit,64,64,H,Colour Dreams,11,
Castle of Dragon,128,0,V,UNROM,2,
Castlequest (J),128,128,H,MMC3,4,
Castlevania,128,0,V,UNROM,2,
Castlevania 2,128,128,H,MMC1,1,
Castlevania 2 (PAL),128,128,H,MMC1,1,
Castlevania 3,256,128,V,MMC5,5,
Catts Nintouden Teyandey,128,128,V,MMC3,4,
Caveman Games,128,128,H,MMC1,1,
Caveman Ninja,128,128,H,MMC3,4,
Chack N' Pop,16,8,H,NROM,0,
Challenger,32,8,V,NROM,0,
Championship Bowling (J),32,32,H,CNROM,3,
Championship Lode Runner,16,8,V,NROM,0,
Championship Pool,128,0,V,UNROM,2,
Chaos World,256,128,H,MMC1,1,
Chase HQ,128,128,H,MMC3,4,
Chester Field,128,0,V,UNROM,2,
Chibi Marukochan Uki Uki Shopping,128,128,H,MMC3,4,
Chiller,32,32,V,MMC1,1,
Chip N' Dale - Rescue Rangers,128,128,H,MMC1,1,
Chip N' Dale - Rescue Rangers 2,128,128,H,MMC1,1,
Chip to Dale no Daisakusen,128,128,H,MMC1,1,
Chip to Dale no Daisakusen 2,128,128,H,MMC1,1,
Chiyo no Fuji,128,128,H,MMC3,4,
Choplifter,32,16,V,CNROM,3,
Choujin Sentai Jetman,128,128,H,MMC1,1,
Choujin Ultra Baseball,128,128,V,MMC1,1,
Chubby Cherub,32,16,H,CNROM,3,
Chugoku Jyansi Story Tonpuu,128,128,H,MMC1,1,
Chugoku Sensei Jyuutu,128,0,H,UNROM,2,
Chuka Taisen,128,128,V,MMC1,1,
Circus Caper,128,128,V,MMC1,1,
Circus Charlie,16,8,V,CNROM,3,
City Connection,32,32,V,CNROM,3,
City Connection (J),16,16,V,CNROM,3,
Clash at Demonhead,128,128,H,MMC1,1,
Cliffhanger,128,128,H,MMC3,4,
Clu Clu Land,16,16,H,CNROM,3,
Clu Clu Land disk-to-nes conv.,32,8,H,NROM,0,uses .sav file to load
Cobra Command,128,128,H,MMC1,1,
Cobra Command (J),128,128,H,MMC1,1,
Cobra Triangle,128,0,H,AOROM,7,
Cobra Triangle (PAL),128,0,H,AOROM,7,
Cocoron,256,0,V,MMC1,1,
Code Name Viper,128,128,H,MMC3,4,
Columbus Ougon no Yoake,128,128,V,MMC3,4,
Commando,256,0,H,AOROM,7,
Conan,128,0,H,UNROM,2,
Conflict,128,128,H,MMC1,1,bad dump
Conquest of the Crystal Palace,128,128,H,MMC3,4,
Contra,128,0,V,UNROM,2,
Contra (J),128,128,H,VRC2b,23,
Contra Force,128,128,V,MMC3,4,
Cool World,128,128,H,MMC1,1,
Cosmic Epsilon,128,256,H,MMC3,4,
Cosmic Wars,128,128,H,MMC1,1,
Cosmo Genesis,32,32,H,CNROM,3,
Cosmo Police Galivan,128,128,H,MMC1,1,
Crackout,128,0,H,UNROM,2,
Crash N' The Boys,128,128,H,MMC3,4,
Crazy Climber,256,0,H,Irem 74161/32,97,
Crazy Climber [hacked],256,0,H,-15,-15,
Crisis Force [hacked],128,128,H,MMC3,4,
Crossfire,128,128,H,MMC3,4,
Crystal Mines 2,64,16,V,Colour Dreams,11,
Crystalis,256,128,H,MMC3,4,
Cyberball,128,128,H,MMC3,4,
Cybernoid,32,32,V,CNROM,3,
Dai Meiro,128,128,H,MMC1,1,
Dai Senryaku,128,32,V,MMC1,1,
Daikaijyuu Deburas,128,256,V,MMC3,4,
Daiku no Gensan,128,128,H,MMC3,4,
Daiku no Gensan 2,128,128,H,Irem H3001,65,
Daiva,128,0,V,UNROM,2,
Dance Aerobics,64,32,H,MMC1,1,
Danny Sullivan's Indy Heat,128,0,H,AOROM,7,
Dark Lord,256,128,V,MMC3,4,
Darkman,128,128,H,MMC1,1,
Darkwing Duck,128,128,V,MMC1,1,
Dash Galaxy in the Alien Asylum,32,32,H,CNROM,3,
Dash Yarou,128,0,V,UNROM,2,
Days of Thunder,128,256,H,MMC3,4,
Datach Dragonball Z,256,0,H,Bandai,16,
Datsugoku,128,128,H,MMC1,1,
Day Dreamin' Davey,256,128,H,MMC1,1,
Deadly Towers,128,0,H,Nina-1,34,
Deblock,32,32,V,CNROM,3,
Deep Dungeon 3,256,0,V,MMC1,1,
Deep Dungeon 4,256,0,V,MMC1,1,
Defender 2,16,8,V,NROM,0,
Defender of the Crown,256,0,V,MMC1,1,
Defenders of Dynatron City,128,128,H,MMC3,4,
Deja Vu,128,256,H,MMC3,4,
Demon Sword,128,128,H,MMC1,1,
Dengeki Big Bang,128,128,H,MMC1,1,
Densetsu no Kisi Elrond,128,0,V,AOROM,7,
Derby Stallion,128,128,V,MMC1,1,
Derby Stallion Zenkokuban,128,128,H,MMC1,1,
Desert Commander,128,128,V,MMC1,1,
Destiny of an Emperor,256,0,V,MMC1,1,
Devil World,16,8,H,NROM,0,
Dezaemon,128,0,H,MMC1,1,
Dick Tracy,128,0,V,UNROM,2,
Die Hard (J),128,128,H,MMC1,1,
Dig Dug,16,8,H,NROM,0,
Dig Dug 2 (J),32,8,V,NROM,0,
Digger T. Rock,128,0,H,AOROM,7,
Dirty Harry,256,128,H,MMC3,4,
Dizzy The Adventurer,128,0,V,Camerica,71,
Dodge Danpei 2,256,256,H,Sunsoft 5,69,
Donkey Kong,16,8,V,NROM,0,
Donkey Kong 3,16,8,V,NROM,0,
Donkey Kong Classics,32,32,V,CNROM,3,
Donkey Kong Jr.,16,8,V,NROM,0,
Donkey Kong Jr. Math,16,8,V,NROM,0,
Donkey Kong Jr. Sansuu Asobi,16,8,V,NROM,0,
Doki Doki Yuenchi,128,128,H,MMC3,4,
Dokugan Masamune [hacked],256,0,V,FFE F4xxx,6,
Don Doko Don,128,256,H,TC0190/TC0350,33,
Don Doko Don 2,128,256,V,TC0190/TC0350,33,
Donald Duck,128,128,H,MMC1,1,
Donald Land,128,128,H,MMC1,1,
Door Door,16,8,V,NROM,0,
Doraemon Gigzombi no Gyakusyuu,256,0,H,MMC1,1,
Doraemon Kaitakuhen [hacked],128,32,V,FFE F3xxx,8,
Double Dare,256,0,H,AOROM,7,
Double Dragon,128,128,H,MMC1,1,
Double Dragon (J),128,128,H,MMC1,1,
Double Dragon (PAL),128,128,H,MMC1,1,
Double Dragon 2,128,128,H,MMC3,4,
Double Dragon 2 (J),128,128,V,MMC3,4,
Double Dragon 3,128,128,H,MMC3,4,
Double Dragon 3 (J),128,128,V,MMC3,4,
Double Dragon 3 (PAL),128,128,H,MMC3,4,
Double Dribble,128,0,V,UNROM,2,
Double Strike,32,32,H,AVE,79,
Doublemoon Densetsu,512,0,H,MMC3,4,
Dough Boy,32,8,V,NROM,0,
Downtown Nekketsu Jidaigekidayo,128,128,H,MMC3,4,
Downtown Nekketsu Kousinkyoko,128,128,H,MMC3,4,
Downtown Nekketsu Monogatari,128,128,V,MMC3,4,
Dr. Chaos,128,0,V,UNROM,2,
Dr. Jekyll and Mr. Hyde,128,32,H,MMC1,1,
Dr. Mario,32,32,H,MMC1,1,
Dr. Mario (PAL),32,32,H,MMC1,1,
Dracula,128,128,H,MMC3,4,
Dracula (PAL),128,128,H,MMC3,4,
Dragon Buster,128,32,H,Namco 1xx,95,
Dragon Buster [hacked],128,32,V,MMC3,4,
Dragon Buster 2,128,64,V,MMC3,4,
Dragon Fighter,128,128,H,MMC1,1,
Dragon Power,128,32,H,74161/32,66,
Dragon Quest,32,32,V,CNROM,3,
Dragon Quest 2,128,0,V,UNROM,2,
Dragon Quest 3,256,0,V,UNROM,2,
Dragon Quest 4,1024,0,V,MMC1,1,
Dragon Scroll [hacked],256,0,V,FFE F4xxx,6,
Dragon Slayer 4,128,64,V,MMC3,4,
Dragon Spirit,128,128,H,MMC3,4,
Dragon Spirit (J),128,128,H,Namco 118,88,
Dragon Strike,256,256,H,MMC3,4,
Dragon Unit,128,0,V,UNROM,2,
Dragon Warrior,64,16,H,MMC1,1,
Dragon Warrior 2,256,0,V,MMC1,1,
Dragon Warrior 3,512,0,H,MMC1,1,
Dragon Warrior 4,1024,0,H,MMC1,1,
Dragon Wars,256,128,V,MMC3,4,
Dragon's Lair,128,0,V,UNROM,2,
Dragonball,128,32,V,74161/32,66,
Dragonball [hacked],128,32,V,Nina-1,34,
Dragonball 2,128,128,H,Bandai,16,
Dragonball 3,128,256,H,Bandai,16,
Dragonball Z,256,256,H,Bandai,16,
Dragonball Z 2,256,256,V,Bandai,16,
Dragonball Z 2 [hacked],256,256,V,FFE F8xxx,17,
Dragonball Z 3,256,256,V,Bandai,16,
Dragonball Z 3 [hacked],256,256,V,FFE F8xxx,17,
Dragonball Z Gaiden,256,256,H,Bandai,16,
Dragons of Flame,128,128,H,MMC1,1,
Dream Master,256,256,H,Namcot 106,19,
Drop Zone,32,32,V,CNROM,3,
Duck,32,8,H,NROM,0,
Duck Hunt,16,8,V,NROM,0,
Ducktales,128,0,V,UNROM,2,
Ducktales 2,128,0,V,UNROM,2,
Dudes With Attitudes,32,32,V,AVE,79,
Dungeon and Magic,128,128,V,MMC1,1,
Dungeon Kid,128,0,H,MMC1,1,
Dungeon Magic,128,128,V,MMC1,1,
Dusty Diamond All-Star Softball,128,128,H,MMC1,1,
Dynablaster,128,0,H,MMC1,1,
Dynamite Batman 2,128,256,H,Sunsoft 5,69,
Dynamite Batman 2 [Hacked],128,256,H,FFE F8xxx,17,
Dynamite Bowl,32,32,V,CNROM,3,
Dynowarz,128,128,H,MMC1,1,
Earthbound,256,256,V,MMC3,4,
Eggerland,128,32,V,MMC1,1,
Egypt,32,32,H,CNROM,3,
Elevator Action,32,8,H,NROM,0,
Eliminator Boat Duel,128,128,V,MMC1,1,
Elite,128,0,H,MMC1,1,
Elysion,128,128,H,MMC1,1,
Emo Yan no 10 Bai Pro Yakyuu,128,128,V,MMC1,1,
"Empire Strikes Back, The",256,256,H,MMC3,4,
Erika to Satoru no Yume Bouken,128,128,H,MMC3,4,
Erunaaku no Zaihou,128,0,V,UNROM,2,
Esupa Boukentai,256,0,V,UNROM,2,
Excitebike,16,8,V,NROM,0,
Excitebike (PAL),16,8,V,NROM,0,
Exciting Rally,128,128,H,MMC1,1,
Exed Exes,32,8,H,NROM,0,
Exerion,16,8,H,NROM,0,
Exodus,128,128,V,Colour Dreams,11,
F1 Built to Win,128,128,H,MMC1,1,
F1 Circus,256,128,H,MMC3,4,
F1 Hero,128,128,H,MMC3,4,
F1 Hero 2,128,128,H,MMC3,4,
F1 Race,16,8,V,NROM,0,
F117A Stealth Fighter,256,256,H,MMC3,4,
F15 City War,32,32,V,AVE,79,
Faibird,128,128,V,MMC3,4,
Famicom Jump,256,128,H,Bandai,16,
Famicom Typing Tutor (Dr PC Jr),32,0,H,NROM,0,
Famicom Typing Tutor 2,32,0,H,NROM,0,
Famicom Wars,128,128,H,MMC4,10,
Famicom Yakyuuban,128,128,V,MMC1,1,
Family BASIC,32,16,V,CNROM,3,
Family Block,128,32,H,74161/32,66,
Family Boxing,64,64,V,MMC3,4,
Family Circuit,128,32,V,MMC3,4,
Family Circuit '91,512,256,V,Namcot 106,19,
Family Fued,32,128,H,MMC1,1,
Family Jockey,32,32,H,MMC3,4,
Family Majyan,128,64,H,MMC3,4,
Family Majyan 2,128,64,H,MMC3,4,
Family Pinball,128,64,H,MMC3,4,
Family Quiz,128,0,V,UNROM,2,
Family Stadium,64,32,V,MMC3,4,
Family Stadium '87,64,32,V,MMC3,4,
Family Stadium '88,128,64,V,MMC3,4,
Family Stadium '89,128,64,V,MMC3,4,
Family Stadium '90,128,128,H,Namcot 106,19,
Family Stadium '91,128,128,V,MMC3,4,
Family Stadium '92,128,128,V,MMC3,4,
Family Stadium '93,128,128,V,MMC3,4,
Family Stadium '94,128,128,V,MMC3,4,
Family Tennis,64,64,V,MMC3,4,
Family Trainer Running Stadium,32,32,H,CNROM,3,
"Fantastic Adventures of Dizzy, The [Aladdin vers.]",256,0,V,Camerica,71,
Fantasy Zone (J),128,0,H,UNROM,2,
Faria,128,128,H,MMC1,1,
Faria (J),128,128,V,MMC1,1,
Faxanadu,256,0,V,MMC1,1,
Faxanadu (J),256,0,H,UNROM,2,
FC Genjin,256,128,H,MMC3,4,
Felix the Cat,128,128,V,MMC3,4,
Fester's Quest,128,128,H,MMC1,1,
Field Combat,16,8,V,NROM,0,
Fighting Golf,128,128,H,MMC1,1,
Final Fantasy,256,0,V,MMC1,1,
Final Fantasy (J),256,0,V,UNROM,2,
Final Fantasy 2,256,0,V,UNROM,2,
Final Fantasy 3,512,0,V,MMC3,4,
Final Fantasy I/II,256,0,H,MMC1,1,should be 512k
Final Lap,128,128,V,Namcot 106,19,
Final Mission,128,128,H,MMC1,1,
Fire Emblem,256,128,H,MMC2,10,
Fire Emblem [hacked],256,128,V,MMC3,4,
Fire Emblem Gaiden [hacked],256,128,H,MMC3,4,
Firehawk,128,0,H,Camerica,71,
Fist of the North Star,128,0,V,UNROM,2,
Flappy,32,8,V,NROM,0,
Fleet Commander,32,32,H,CNROM,3,
"Flintstones, The",128,256,H,MMC3,3,
"Flintstones, The (PAL)",128,256,H,MMC3,3,
Flipull,32,32,V,CNROM,3,
Flying Dragon,128,0,V,UNROM,2,
Flying Hero,128,0,V,UNROM,2,
Flying Warriors,128,128,H,MMC1,1,
Formation Z,16,8,H,NROM,0,
Foton,128,0,H,UNROM,2,
Four Card Games,32,8,V,NROM,0,
Frankenstein,128,128,V,MMC1,1,
Freedom Force,128,128,H,MMC1,1,
Friday The 13th,32,32,V,CNROM,3,
Front Line,16,8,H,NROM,0,
Fusigi no Umi no Nadia,128,128,H,MMC3,4,
Fuzzical Fighter,128,128,V,MMC3,4,
Galaga (J),16,8,H,NROM,0,
Galaxian,16,8,H,NROM,0,
Galaxy 5000,128,128,V,MMC3,4,
Galg,32,8,H,NROM,0,
Gambler Jikochusin Ha,256,0,H,MMC1,1,
Gambler Jikochusin Ha 2,256,0,V,MMC1,1,
Game Genie,16,8,H,NROM,0,
Ganbare Goemon [hacked],256,0,V,FFE F4xxx,6,
Ganbare Goemon 2 [hacked?],128,128,V,MMC3,4,
Ganbare Goemon Gaiden,256,256,V,VRC4,25,
Ganbare Goemon Gaiden 2,256,256,V,VRC4-2A,21,
Garfield,128,32,H,MMC1,1,
Gargoyle's Quest 2,128,128,H,MMC3,4,
Garou Densetsu Special,256,256,H,PC-Cony,83,
Garou Densetsu Special [hacked],256,256,H,MMC3,4,
Gauntlet,128,64,V,MMC3,4,
Gauntlet 2,128,128,H,MMC3,4,
Gauntlet 2 (PAL),128,128,H,MMC3,4,
"Gaurdian Legend, The",128,0,V,UNROM,2,
Gaurdic Gaiden,128,0,V,UNROM,2,
Gegege no Kitarou,32,32,V,CNROM,3,
Gegege no Kitarou 2,128,128,H,74161/32,70,
Gegege no Kitarou 2 [Hacked],256,0,V,FFE F4xxx,6,
Gekikame Ninjaden,128,128,H,MMC1,1,
Gekitotu 4 Kubattle,128,0,H,UNROM,2,
Gekitou Pro Wrestling,128,128,V,MMC1,1,
Gekitou Stadium,128,128,V,MMC1,1,
Geimos,32,8,H,NROM,0,
Gemfire,256,256,H,MMC5,5,
Genghis Khan,256,0,H,MMC1,1,
Genghis Khan (J),256,0,V,MMC1,1,
Genpei Toumaden,128,64,H,MMC3,4,
George Foreman's KO Boxing,128,256,H,MMC3,4,
Getsufuu Maden,128,128,H,VRC2b,23,
Ghostbusters,32,32,H,CNROM,3,
Ghostbusters (J),32,32,H,CNROM,3,
Ghostbusters 2,128,128,H,MMC1,1,
Ghosts N' Goblins,128,0,V,UNROM,2,
Ghoul School,128,128,V,MMC1,1,
GI Joe,128,256,H,MMC3,4,
GI Joe - The Atlantis Factor,128,256,H,MMC3,4,
Gilligan's Island,128,0,H,UNROM,2,
Gimmick!,256,128,V,Sunsoft 5,69,
Ginga Eiyuu Densetsu,128,128,V,MMC1,1,
Ginga no Sannin,128,0,V,UNROM,2,
Goal,256,128,H,MMC1,1,
God Slayer,256,128,H,MMC3,4,
Godzilla,128,128,H,MMC1,1,
Godzilla (J),128,128,V,MMC1,1,
Godzilla 2,128,128,H,MMC1,1,
Gold Medal Challenge '92,128,128,H,MMC3,4,
Golf,16,8,V,NROM,0,
"Golf '92, The",128,128,H,MMC1,1,
Golf Grand Slam,128,128,H,MMC1,1,
Golf Open,128,256,H,TC0190/TC0350,33,
Golgo 13,128,128,H,MMC1,1,
Golgo 13 (J),128,128,H,MMC1,1,
Golgo 13 - The Mafat Conspiracy,128,128,H,MMC3,4,
Golgo 13 - The Riddle of Icarus,128,128,H,MMC3,4,
Gomoku Narabe,16,8,V,NROM,0,
"Goonies, The",32,16,V,CNROM,3,
"Goonies 2, The",128,0,V,UNROM,2,
"Goonies 2, The (J)",128,0,V,UNROM,2,
Gorby no Pipeline Daisakusen,32,32,H,CNROM,3,
Gotcha,32,32,V,CNROM,3,
Gozonji Yajikita Tindouchu,256,128,H,MMC1,1,
Gradius (J),32,32,V,CNROM,3,
Gradius 2,128,128,V,VRC4,25,
Grand Master,256,128,H,MMC1,1,
Great Deal,128,0,V,MMC1,1,
Great Tank,128,128,V,MMC1,1,
Gremlins 2,128,256,H,MMC3,4,
Guerilla War,128,128,H,MMC1,1,
Gumshoe,128,32,H,74161/32,66,
Gunhed,128,128,V,MMC1,1,
Gunnac,128,128,V,MMC3,4,
Gunnac (J),128,128,V,MMC3,4,
Gunsight,128,128,H,MMC5,5,
Gunsmoke,128,0,H,UNROM,2,
Gunsmoke (PAL),128,0,H,UNROM,2,
Gyrodine,32,8,V,NROM,0,
Gyruss,32,32,V,CNROM,3,
Haja no Fuuin,128,128,V,MMC1,1,
Hana no Star Kaidou,128,0,V,UNROM,2,
Hanjuku Hero,128,0,H,UNROM,2,
Harlem Globetrotters,128,128,H,MMC1,1,
Hatris,128,0,H,MMC1,1,
Hatris (J),128,0,V,UNROM,2,
Heavy Barrel,128,128,H,MMC3,4,
Heavy Shreddin',128,128,V,MMC1,1,
Hebereke,128,128,V,Sunsoft 5,69,
Hector '87,128,0,V,UNROM,2,
Hello Kitty no Ohana Batake,32,32,V,CNROM,3,
Hello Kitty World,128,0,V,UNROM,2,
Hercules no Eikou,128,0,V,UNROM,2,
Hercules no Eikou 2,256,0,V,MMC1,1,
Heroes of the Lance,128,128,H,MMC1,1,
Heroes of the Lance (J),128,128,H,MMC1,1,
Hi no Tori,128,0,V,UNROM,2,
Higemaru Makaijima,128,0,V,UNROM,2,
High Speed,128,64,H,TQROM,119,
High Speed (PAL),128,64,H,TQROM,119,
Highway Star,128,0,V,UNROM,2,
Hillsfar (J),256,0,H,MMC1,1,
Hirake Ponkikki,32,32,V,MMC1,1,
Hiryuu no Ken,128,0,V,UNROM,2,
Hiryuu no Ken 2,128,128,H,MMC1,1,
Hiryuu no Ken 3,128,128,V,MMC3,4,
Hiryuu no Ken SP Fighting Wars,128,128,V,MMC1,1,
Hissatu Dojo Yaburi,256,0,H,MMC1,1,
Hissatu Sigotonin,256,128,H,MMC3,4,
Hittra no Fukkatu,256,0,H,MMC1,1,
Hogan's Alley,16,8,H,NROM,0,
Hokuto no Ken,32,32,V,CNROM,3,
Hokuto no Ken 2,128,0,V,UNROM,2,
Hokuto no Ken 3,256,0,H,MMC1,1,
Hokuto no Ken 4,256,0,V,MMC1,1,
Hollywood Squares,256,0,H,AOROM,7,
Holy Diver,128,128,H,74161/32,78,
Home Alone,128,104,H,MMC3,4,Probably a bad dump.
Home Alone 2,128,128,H,MMC3,4,
Home Run Nighter,128,128,V,MMC1,1,
Home Run Nighter '90,128,128,V,MMC3,4,
Hook,128,128,H,MMC1,1,
Hook (J),128,128,H,MMC1,1,
Hoops,128,128,V,MMC1,1,
Hosi no Kirby,512,256,H,MMC3,4,
Hosi wo Miruhito,128,0,V,UNROM,2,
Hostages,128,128,V,MMC1,1,
Hot Slots,32,64,H,CNROM,3,
Hototogisu,256,0,V,MMC1,1,
Hottaman no Titeitanken,32,32,V,CNROM,3,
Houmaga Toki,128,0,V,UNROM,2,
Hudson Hawk,128,128,V,MMC1,1,
"Hunt For Red October, The",128,128,H,MMC3,4,
Hyaku no Sekai no Monogatari,128,128,V,MMC1,1,
Hyauti Super Igo,32,32,V,CNROM,3,
Hydlide,32,8,H,NROM,0,
Hydlide (J),32,8,H,NROM,0,
Hydlide 3,256,128,H,Namcot 106,19,
Hyokkori Hyoutan Jima,128,128,H,MMC1,1,
Hyper Olympic,16,8,V,NROM,0,
Hyper Olympic - Tonosoma Edition,32,8,V,NROM,0,
Hyper Sports,16,8,V,NROM,0,
I Love Softball,128,128,V,MMC1,1,
Ice Climber,16,8,H,NROM,0,
Ice Climber (disk conversion),32,0,H,NROM,0,uses .sav file to load
Ice Hockey,32,8,V,NROM,0,
Ice Hockey (disk coversion),32,8,V,NROM,0,uses .sav file to load
Idol Hakkenden,128,128,H,MMC1,1,
Idol Shisen Mahjongg,32,64,V,CNROM,3,
Igo Sinan,32,8,H,NROM,0,
Igo Sinan '91,128,32,H,MMC1,1,
Igo Sinan '93,128,32,H,MMC1,1,
Ikari Warriors,128,0,H,UNROM,2,
Ikari Warriors (J),128,0,H,UNROM,2,
Ikari Warriors 2,256,0,V,MMC1,1,
Ikari Warriors 2 (J),256,0,H,UNROM,2,
Ikari Warriors 3,128,128,H,MMC1,1,
Ikari Warriors 3 (J),128,128,H,MMC1,1,
Ike Ike Nekketsu Hockey,128,128,H,MMC3,4,
Ikinari Musician,32,16,V,CNROM,3,
Ikki,16,8,V,NROM,0,
Image Fight,128,128,H,MMC3,4,
Image Fight (J),128,128,H,Irem G101,32,
"Immortal, The",128,256,H,MMC3,4,
Impossible Mission 2,64,64,H,Nina-1,34,
"Incredible Crash Dummies, The",128,256,H,MMC3,4,
Indiana Jones / Last Crusade,256,0,V,MMC1,1,
Indiana Jones / Temple of Doom,128,128,V,MMC3,4,
Indra no Hikari,128,0,H,UNROM,2,
Infiltrator,128,128,H,MMC3,4,
Insector X,128,128,V,TC0190/TC0350,33,
International Cricket,128,128,H,MMC1,1,
Iron Tank,128,128,H,MMC1,1,
Isolated Warrior,128,128,H,MMC3,4,
Itadaki Street,128,128,H,MMC1,1,
J League - King of Ace Strikers,128,128,H,MMC3,4,
Jack Nicklaus Golf,128,0,V,UNROM,2,
Jackal,128,0,V,UNROM,2,
Jackie Chan,128,128,V,MMC3,4,
Jackie Chan's Action Kung-Fu,128,128,H,MMC3,4,
Jajamaru no Daibouken,32,32,V,CNROM,3,
Jajamaru no Gekimaden,128,128,H,SS8806,18,
Jajamaru no Ginga Daisakusen,128,128,H,SS8806,18,
James Bond Jr.,128,128,H,MMC3,4,
James Bond Jr. (PAL),128,128,H,MMC3,4,
Jarinko Chie,128,256,H,VRC2b,23,
Jarvas,128,128,V,MMC3,4,
Jaws,32,32,H,CNROM,3,
Jeopardy,128,0,V,AOROM,7,
Jeopardy 25th Anniversary Ed.,128,0,H,AOROM,7,
Jeopardy Jr.,128,0,H,AOROM,7,
Jesus,256,0,V,UNROM,2,
"Jetsons, The",128,256,H,MMC3,4,
Jewelry,16,8,V,NROM,0,
Jikuuyuuden Debias,128,64,V,MMC3,4,
Jimmy Connors Tennis,128,0,V,UNROM,2,
Jimmy Connors Tennis (PAL),128,0,V,UNROM,2,
Joe and Mac,128,128,H,MMC3,4,
John Elway's Quarterback,32,32,V,CNROM,3,
Jongbou,128,0,V,UNROM,2,
Jordan vs Bird,128,0,V,UNROM,2,
Journey to Silius,128,128,H,MMC1,1,
Joust,16,8,V,NROM,0,
Jovei Quest,256,256,H,Namcot 106,19,
Joy Mecha Fight,256,256,V,MMC3,4,
Jumpin' Kid,128,128,H,MMC3,4,
"Jungle Book, The",128,128,H,MMC3,4,
Jurassic Park,128,128,H,MMC3,4,
Just Breed,512,256,V,MMC5,5,
Jyanbou Ozaki no Hole-in-One,128,32,V,MMC1,1,
Kabuki Quantum Fighter,128,128,V,MMC3,4,
Kabusiki Doujyou,256,0,V,MMC1,1,
Kage,128,128,H,MMC3,4,
Kagerou Densetsu,128,128,V,MMC3,4,
Kaguya Hime Densetsu,256,0,H,UNROM,2,
Kaijyu Monogatari [hacked],128,128,H,MMC3,4,
Kaiketsu Yanchamaru Karakuri Land 2 [hacked],128,128,V,FFE F8xxx,17,
Kaiketsu Yanchamaru Karakuri Land 3,128,128,H,Irem H3001,65,
Kakefu-kun no Jump Tengoku,128,0,V,UNROM,2,
Kame no Ongaesi,128,128,H,MMC1,1,
Kamen no Ninja Akakage,128,0,V,UNROM,2,
Kamen no Ninja Hanamaru,128,128,H,MMC1,1,
Kamen Rider Club,128,128,H,74161/32,70,
Kamen Rider SD,128,128,V,MMC3,4,
Karate Champ,32,32,H,CNROM,3,
"Karate Kid, The",32,32,V,CNROM,3,
Karateka,16,8,V,NROM,0,
Karnov,128,128,H,MMC3,4,
Karnov (J),128,64,H,MMC3,4,
Kart Fighter,128,256,H,MMC3,4,
Katteni Sirokuma,128,128,H,MMC1,1,
Kawa no Nushi Tsuri,128,128,H,MMC3,4,
Keiba Honmei,128,128,H,MMC3,4,
Keisan Game Sansuu 2,32,32,V,CNROM,3,
Keisan Game Sansuu 3,32,16,V,CNROM,3,
Keisan Game Sansuu 4,32,32,V,CNROM,3,
Keisan Game Sansuu 5/6 Nen,32,32,V,CNROM,3,
Kero Kero Keroppi,32,32,H,CNROM,3,
Kero Kero Keroppi 2,128,128,H,MMC1,1,
Keru Naguru,128,128,V,MMC3,4,
Kick Master,128,128,H,MMC3,4,
Kick Off,128,0,V,UNROM,2,
Kickle Cubicle,128,128,H,MMC3,4,
Kid Icarus,128,0,V,MMC1,1,
Kid Klown,128,128,H,MMC3,4,
Kid Kool,128,0,V,UNROM,2,
Kid Niki,256,0,H,MMC1,1,
King Kong 2,128,128,V,MMC3,4,
King of Kings,128,128,V,Colour Dreams,11,
King of Kings (J - diff. game),128,128,H,MMC3,4,
King's Knight,32,32,H,CNROM,3,
King's Knight (J),32,32,H,CNROM,3,
King's Quest 5,256,256,V,MMC3,4,
Kings of the Beach,32,32,H,CNROM,3,
Kinniku Man,16,8,V,NROM,0,
Kirby's Adventure,512,256,H,MMC3,4,
Kiri no London Satsujin Jiken,256,0,H,MMC1,1,
Kiteretsu Daihyakka,128,128,H,MMC1,1,
Kiwi Kraze,128,128,H,MMC3,4,
Klash Ball,128,0,H,UNROM,2,
Klax,64,64,H,Rambo-1,64,
Klax (J),128,64,H,MMC3,4,
Knight Rider,64,128,H,MMC1,1,
Konami Sport in Soul,128,128,V,MMC3,4,
Koushien,128,128,V,MMC1,1,
Krazy Kreatures,32,32,V,AVE,79,
"Krion Conquest, The",128,128,H,MMC3,4,
Krusty's Fun House,256,128,H,MMC3,4,
Krusty's Fun House (PAL),256,128,H,MMC3,4,
Kuja Kuou,256,0,V,MMC1,1,
Kuja Kuou 2,128,128,H,MMC1,1,
Kung-Fu,32,8,V,NROM,0,
Kung-Fu Heroes,32,32,H,CNROM,3,
Kureyon Shinchan,128,128,H,Bandai,16,
Kurogane Hirosi no Keiba Densetu,128,128,H,MMC3,4,
Kyoro-chan Land,128,0,H,UNROM,2,
Kyoto Hana no Missutu Satsujin Jiken,128,128,V,MMC3,4,
Kyoto Sesupensu Misa Yamamura Satsujin Jiken,128,128,V,MMC3,4,
Kyuukyoku Stadium,128,128,H,Taito X117,82,
Kyuukyoko Harikiri Stadium,128,256,H,Taito X117,82,
Kyuukyoku Harikiri Stadium 3,128,256,H,Taito X117,82,
Kyuukyoku Tiger,128,128,V,MMC3,1,
L'Emperuer,256,128,H,MMC5,5,
Labyrinth,128,0,V,UNROM,2,
Lagrange Point,512,0,H,VRC7,85,
Laser Invasion,128,128,H,MMC5,5,
Last Armageddon,512,0,V,MMC3,4,
"Last Ninja, The",128,128,H,MMC3,4,
"Last Starfighter, The",32,32,H,CNROM,3,
Law of the West,128,0,H,UNROM,2,
Layla,128,0,V,UNROM,2,
Lee Trevino's Fighting Golf,128,128,H,MMC1,1,
Legacy of the Wizard,128,64,H,MMC3,4,
"Legend of Kage, The (J)",32,16,H,CNROM,3,
"Legend of the Ghost Lion, The",128,128,H,MMC1,1,
"Legend of Zelda, The",128,0,H,MMC1,1,
Legend of Zelda (-1 PRG Rev.),128,0,H,MMC1,1,
Legendary Wings,128,0,V,UNROM,2,
Legends of the Diamond,128,256,H,MMC3,4,
Lemmings,128,128,H,MMC1,1,
Life Force,128,0,V,UNROM,2,
Linus Spacehead,256,0,V,Camerica,71,
Linus Spacehead [Aladdin Ver.],256,0,V,Camerica,71,
"Lion King, The",256,0,H,AOROM,7,
Lipple Island,128,0,V,UNROM,2,
Little League Baseball,128,128,H,MMC1,1,
"Little Mermaid, The",128,0,V,UNROM,2,
"Little Mermaid, The (J)",128,0,V,UNROM,2,
Little Nemo The Dream Master,128,128,H,MMC3,4,
Little Ninja Brothers,128,128,H,MMC3,4,
Lode Runner (J),16,8,V,NROM,0,
"Lone Ranger, The",256,128,H,MMC3,4,
Loopz,128,0,H,UNROM,2,
"Lord of King, The",128,128,H,SS8806,18,
"Lost Word of Jenny, The",128,0,V,UNROM,2,
Lot Lot,32,8,H,NROM,0,
Low G Man,128,128,H,MMC3,4,
Lunar Ball,16,8,V,NROM,0,
Lupin 3rd Pandra Nolsan,128,64,V,MMC3,4,
Mach Rider,32,8,H,NROM,0,
Macross,16,8,V,NROM,0,
Mad City,128,128,H,MMC1,1,
Mad Max,128,96,H,MMC3,4,probably a bad dump
Mag Max,32,32,V,CNROM,3,
Mag Max (J),32,8,H,NROM,0,
Magic Darts,128,128,H,MMC1,1,
Magic John,128,128,H,SS8806,18,
Magic Johnson's Fast Break,128,128,H,MMC1,1,
"Magic of Scherezade, The",128,128,V,MMC1,1,
Magical Doropie,128,128,V,MMC3,4,
Magical Taruruto-Kun,128,128,H,Bandai,16,
Magical Taruruto-Kun 2,128,128,H,Bandai,16,
Magician,128,128,H,MMC3,4,
Magunamu Kikiipatu,128,0,V,UNROM,2,
Maharaja,128,128,H,Sunsoft 4,68,
Mahou no Princess Minky Momo,128,128,V,MMC1,1,
Maijin Eiyuuden Wataru Gaiden,256,0,H,MMC1,1,
Maison Ikkoku,256,0,H,UNROM,2,
Majaventure,128,128,H,MMC1,1,
Major League,128,128,V,TC0190 / TC0350,33,
Major League Baseball,32,32,V,CNROM,3,
Majyan RPG Dora Dora Dora,128,128,H,MMC1,1,
Majyou Densetsu 2,128,0,V,UNROM,2,
Makaimura,128,0,H,UNROM,2,
Maniac Mansion,256,0,V,MMC1,1,
Maniac Mansion (J),256,0,V,UNROM,2,
Maniac Mansion (PAL),256,0,H,MMC1,1,
Mappy,16,8,V,NROM,0,
Mappy Kids,128,128,H,Namcot 106,19,
Mappy Land,128,32,H,MMC3,4,
Mappy Land (J),128,32,V,MMC3,4,
Marble Madness,128,0,V,AOROM,7,
Marble Madness (PAL),128,0,H,AOROM,7,
Mario Bros,16,8,V,NROM,0,
Mario China,32,32,V,CNROM,3,
Mario is Missing,128,128,H,MMC3,4,
Mario Open Golf,256,0,H,MMC1,1,
Mario's Time Machine,128,128,H,MMC3,4,
Marusa no Onna,128,128,H,MMC1,1,
Master Chu and the Drunkard Hu,32,32,H,Colour Dreams,11,
Masuzoe Youiti no Asamade,512,0,H,MMC3,4,
Masyou,128,0,H,Nina-1,34,
Maten Douji,128,128,V,MMC3,4,
Matsumoto Tooru no Kabusiki Hissyougaku,256,0,V,UNROM,2,
Matsumoto Tooru no Kabusiki Hissyougaku 2,256,0,V,MMC1,1,
Max Warrior,128,128,V,MMC3,4,
McKids,128,128,H,MMC3,4,
Mechanized Attack,64,128,H,MMC1,1,
Mega Man,128,0,V,UNROM,2,
Mega Man 2,256,0,V,MMC1,1,
Mega Man 3,256,128,H,MMC3,4,
Mega Man 4,512,0,H,MMC3,4,
Mega Man 4 (PAL),512,0,H,MMC3,4,
Mega Man 5,256,256,H,MMC3,4,
Mega Man 6,512,0,H,MMC3,4,
Megami Tensei,128,128,V,MMC3,4,
Megami Tensei 2,256,256,V,Namcot 106,19,
Meiji Ishin,256,0,H,MMC1,1,
Meikyu Jima,128,128,H,Irem G101,32,
Meikyu Kumikyoko,32,32,V,CNROM,3,
Meimom Takonishi Ouendan,128,128,H,MMC3,4,
Meitantei Holmes,256,0,H,MMC1,1,
Meitantei Holmes Kori no London Satsujin Jiken,256,0,H,UNROM,2,
Melville's Flame,128,128,V,MMC1,1,
Mendel Palace,128,128,V,MMC3,4,
Metal Fighter,32,32,H,Colour Dreams,11,
Metal Flame Psybuster,128,128,V,MMC1,1,
Metal Gear,128,0,V,UNROM,2,
Metal Gear (J),128,0,H,UNROM,2,
Metal Max,256,256,H,MMC3,4,
Metal Mech,128,128,V,MMC1,1,
Metal Slader Glory,512,512,V,MMC5,5,
Metal Storm,128,256,H,MMC3,4,
Metal Storm (J),128,256,V,MMC3,4,
Metro Cross,32,32,V,MMC3,4,
Metroid,128,0,V,MMC1,1,
Mezase Top Pro,256,128,H,SS8806,18,
Mickey Mouse,32,32,V,CNROM,3,
Mickey Mousecapade,32,32,V,CNROM,3,
Micro Machines,256,0,V,Camerica,71,
Micro Machines [Aladdin Ver.],256,0,V,Camerica,71,
Might and Magic,256,256,H,MMC3,4,
Might and Magic (J),256,256,H,MMC3,4,
Mighty Bomb Jack (J),32,8,H,NROM,0,
Mighty Final Fight,128,128,H,MMC3,4,
Mighty Final Fight (J),128,128,H,MMC3,4,
Mike Tyson's Punch-Out,128,128,V,MMC2,9,
Millipede,16,8,H,NROM,0,
Milon's Secret Castle,32,32,V,CNROM,3,
Mindseeker,128,144,H,Namcot 106,19,bad dump?
Minelvation Saga,128,128,H,MMC3,4,
Mini-Putt,128,128,H,MMC1,1,
Minnie no Talabou Nakayosi Daisakusen,32,32,H,CNROM,3,
Miracle Piano System,256,64,H,MMC1,1,
Miracle Ropit's Adventure in 2100,128,0,V,UNROM,2,
Mirai Sensei Lios,256,0,V,MMC1,1,
Mission Cobra,32,16,V,Colour Dreams,11,
Mission Impossible,128,128,H,MMC3,4,
Mission Impossible (PAL),128,128,H,MMC3,4,
Mitsume ga Tooru,128,128,V,MMC3,4,
Mizusima Senji no Dai Koushien,256,0,V,MMC1,1,
Moai Kun,32,32,V,CNROM,3,
Mobile Suit Gundam Z (hacked),256,0,H,-15,-15,
Moeru Oniisan,128,128,V,MMC1,1,
Moeru Pro Baseball '90,256,128,H,SS8806,18,
Momotarou Densetsu,256,0,H,MMC1,1,
Momotarou Densetsu Gaiden,512,0,H,MMC3,4,
Momotarou Dentetsu,256,0,V,UNROM,2,
"Money Game, The [Hacked]",256,0,H,FFE F4xxx,6,
"Money Game 2, The",128,128,H,MMC1,1,
Monopoly,128,128,H,MMC1,1,
Monopoly (J),256,0,H,MMC1,1,
Monster In My Pocket,128,128,H,MMC3,4,
Monster In My Pocket (PAL),128,128,H,MMC3,4,
Monster Maker,256,0,H,MMC1,1,
Monster Party,128,128,H,MMC1,1,
Moon Crystal,256,256,H,MMC3,4,
Morita no Shogi,128,8,H,MMC1,1,
Mortal Kombat 3,128,512,V,PCJY??,90,
Mother,256,128,H,MMC3,4,
Motocross Champion,128,128,H,MMC1,1,
Motor City Patrol,128,128,H,MMC1,1,
Mottono Abunai Deka,128,0,H,UNROM,2,
Mouryou Senki Madara,256,256,V,VRC6v,26,
Ms. Pac-Man,32,8,H,NROM,0,
Mule,128,0,V,MMC1,1,
Muppets Adventure,128,0,V,MMC1,1,
Murder Club,128,128,V,MMC3,4,
Musashi no Bouken,128,128,V,MMC1,1,
Musashi no Ken,32,32,V,CNROM,3,
MUSCLE,16,32,V,CNROM,3,
"My Life, My Love",256,256,H,MMC3,4,
Mystery Quest,32,32,V,CNROM,3,
Nagagutu wo Haita Neko,32,32,V,CNROM,3,
Naitou 9 Dan Shogi Hiden,16,8,H,NROM,0,
Namco Classic,256,256,H,Namcot 106,19,
Nangoku Seirei Spy vs Spy,128,0,V,UNROM,2,
Nantteta Baseball,128,128,H,Sunsoft 4,68,
NARC,128,0,H,AOROM,7,
Navy Blue,128,0,H,MMC1,1,
Nekketsu Kakutou Densetsu,128,128,V,MMC3,4,
Nekketsu Kouha Kunio Kun,128,0,V,UNROM,2,
Nekketsu Koukou Dodgeball,128,128,H,MMC1,1,
Nekketsu Koukou Soccer,128,128,V,MMC3,4,
NES Open Tournament Golf,256,0,H,MMC1,1,
NES Play Action Football,128,128,H,MMC3,4,
"New Zealand Story, The",128,128,H,MMC3,4,
NFL Football,128,0,V,UNROM,2,
"Nightmare on Elm Street, A",128,0,H,AOROM,7,
Nightshade,256,256,H,MMC3,4,
Niji no Silkroad,256,128,V,MMC3,4,
Ningen Heiki Dead Fox,128,128,V,MMC3,4,
Ninja Cop Saizou,128,128,H,MMC1,1,
Ninja Gaiden,128,128,H,MMC1,1,
Ninja Gaiden 2,128,128,H,MMC3,4,
Ninja Gaiden 3,128,128,H,MMC3,4,
Ninja Jajamaru Kun,32,16,V,CNROM,3,
Ninja Kid,32,32,V,CNROM,3,
Ninja Kun,16,8,V,NROM,0,
Ninja Kun Asyura no Saiyou,128,0,V,UNROM,2,
Ninja Rahoi,512,0,V,MMC1,1,
Ninja Ryukenden,128,128,V,MMC1,1,
Ninja Ryukenden 2,128,128,V,MMC3,4,
Ninja Ryukenden 3,128,128,H,MMC3,4,
Nintendo World Cup,128,128,H,MMC3,4,
Nintendo World Cup (PAL),128,128,H,MMC3,4,
Noah's Ark,128,128,H,MMC3,4,
Nobunaga no Yabou Zenkokuban,256,0,V,MMC1,1,
Nobunaga's Ambition,256,0,H,MMC1,1,
Nobunaga's Ambition 2,256,128,H,MMC5,5,
North and South,128,128,H,MMC3,4,
Nuts and Milk,16,8,H,NROM,0,
Nyankies,128,128,H,MMC3,4,
Obake no Qtarou,32,8,V,NROM,0,
Obochama Kun,128,128,H,MMC1,1,
Ohotuku Ni Kiyu,256,0,V,MMC1,1,
Oishinbo,128,128,V,MMC1,1,
Olympus no Tatakai,128,0,V,UNROM,2,
Onyanko Town,32,8,V,NROM,0,
Operation Wolf,128,128,V,MMC1,1,
Orb 3D,64,128,V,MMC1,1,
Oryu San,32,32,H,CNROM,3,
Osomatsu Kun,128,128,V,MMC1,1,
Otaku no Seiza,256,128,H,MMC3,4,
Othello (J),32,8,V,NROM,0,
Othello (Disk conversion),32,8,H,NROM,0, Loads using .sav file
Outlanders,128,0,V,UNROM,2,
Over Horizon,128,128,H,MMC3,4,
Overlord,256,0,H,MMC1,1,
Pac-Land,32,8,V,NROM,0,
Pac-Man,16,8,H,NROM,0,
Pac-Man (Unlicensed Version),16,8,,NROM,0,
Pac-Man (J),16,8,H,NROM,0,
Pachi Slot Adventure 2,128,128,V,MMC3,4,
Pachi Slot Adventure 3,128,128,H,MMC3,4,
Pachicom,32,8,H,NROM,0,
Pachinko Daisakusen,128,128,V,MMC1,1,
Pachinko Daisakusen 2,128,128,H,MMC1,1,
Pachio Kun 2,256,0,V,MMC1,1,
Pachio Kun 3,256,128,H,MMC3,4,
Pachio Kun 4,512,0,H,MMC3,4,
Pachio Kun 5 (Pachio Kun Jr),256,128,H,MMC3,4,
Palamedes (J),32,32,H,MMC1,1,
Palamedes 2,32,32,V,MMC1,1,
Panic Restaurant,128,128,H,MMC3,4,
Paperboy,32,32,H,CNROM,3,
Paperboy 2,256,0,H,UNROM,2,
Parallel World,128,128,H,MMC3,4,
Parasol Henbei,128,128,H,MMC3,4,
Paris Dakar Rally [Hacked],128,32,V,FFE F3xxx,8,
Parman,128,128,H,Irem G101,32,
Parodius [Hacked],128,128,H,FFE F8xxx,17,
Parodius (PAL),128,128,H,MMC3,4,
Parutena no Kagami,128,0,V,MMC1,1,
Peepar Time,32,16,H,CNROM,3,
Penguin Kun Wars,32,8,V,NROM,0,
Perfect Bowl,128,32,H,MMC1,1,
Pesterminator,64,64,V,Colour Dreams,11,
Peter Pan and the Pirates,128,128,H,MMC1,1,
Phantom Fighter,256,0,V,MMC1,1,
Pictionary,128,128,V,MMC1,1,
Pinball,16,8,H,NROM,0,
Pinball Quest,128,128,H,MMC1,1,
Pinbot,128,56,V,TQROM,119,bad dump
Pinbot (PAL),128,64,H,TQROM,119,
Pipe Dream,32,32,V,CNROM,3,
Pirates,128,128,H,MMC1,1,
Pizza Pop,128,128,H,SS8806,18,
Platoon,128,128,H,MMC1,1,
Plazma Ball,128,128,H,SS8806,18,
Pole to Finish,128,128,V,MMC1,1,
Poo-Yan,16,8,V,NROM,0,
Pool of Radiance,512,128,V,MMC3,4,
Pool of Radiance (J),512,128,V,MMC3,4,
Popeye,16,8,V,NROM,0,
Popeye Eigo Asobi,16,8,V,NROM,0,
Portpia Renzoku Satsujin Jiken,32,8,V,NROM,0,
POW,128,128,H,MMC1,1,
Power Blade,128,128,H,MMC3,4,
Power Blade 2,128,128,H,MMC3,4,
Power Punch 2,128,256,H,MMC3,4,
Predator,128,128,V,MMC1,1,
President no Sentaku,256,0,H,MMC1,1,
Prince of Persia,128,0,V,UNROM,2,
Prince Valiant,128,128,H,MMC1,1,
Princess Tomato in Salad Kingdom,256,0,H,MMC1,1,
Pro Wrestling,128,0,V,UNROM,2,
Pro Yakyuu Satsujin Jiken,256,0,V,UNROM,2,
Probotector,128,0,V,UNROM,2,
Probotector 2,128,128,H,MMC3,4,
Project Q,256,0,V,MMC3,4,
Punch-Out,128,128,V,MMC2,9,
Punch-Out Shohinban,128,128,H,MMC2,9,
"Punisher, The",128,128,H,MMC3,4,
Puss N' Boots,128,0,V,UNROM,2,
Puznic,32,32,V,CNROM,3,
Puzslot,128,128,H,MMC1,1,
Puzzle,32,32,H,CNROM,3,
Pyramid,32,8,V,NROM,0,
Q-Bert,32,32,H,CNROM,3,
Quarth,32,32,H,CNROM,3,
Quattro Adventure,256,0,V,Camerica,71,
Quattro Sports,256,0,V,Camerica,71,
"Quest of Kai, The",128,64,V,MMC3,4,
Quinty,128,128,H,MMC3,4,
Racket Attack,256,128,H,MMC1,1,
Race America,128,128,H,MMC1,1,
Rad Racer,128,0,H,MMC1,1,
Rad Racer (PAL),128,0,H,MMC1,1,
Rad Racer 2,64,64,H,MMC3,4,
Radia Senki,256,128,V,MMC3,4,
Raf World,128,128,V,MMC1,1,
Raid 2020,64,32,V,Colour Dreams,11,
Raid on Bungling Bay,16,8,V,NROM,0,
Raid on Bungling Bay (J),16,8,V,NROM,0,
Rainbow Island,128,0,H,UNROM,2,
Rambo,128,0,V,UNROM,2,
Rambo (J),128,0,V,UNROM,2,
Rampage,128,64,H,MMC3,4,
Rampart,128,128,H,MMC3,4,
Rampart (J),128,0,H,UNROM,2,
Rasarulsii no Child's Quest,128,64,V,MMC3,4,
RBI Baseball,64,128,V,MMC3,4,
RBI Baseball 2,128,128,V,MMC3,4,
RBI Baseball 3,128,64,H,MMC3,4,
RC Pro-Am,32,32,H,MMC1,1,
RC Pro-Am (PAL),32,32,H,MMC1,1,
RC Pro-Am 2,256,0,H,AOROM,7,
Recca: Summer Carnival '92,128,128,H,MMC3,4,
Redalerma 2,128,128,V,MMC3,4,
Reigen Dousi,256,0,V,MMC1,1,
Remote Control,128,128,V,MMC1,1,
Ren and Stimpy: Buckaroo$,128,128,H,MMC3,4,
Renegade,128,0,V,UNROM,2,
Rescue: The Embassy Mission,128,128,H,MMC1,1,
Ring King,64,128,V,MMC3,4,
River City Ransom,128,128,H,MMC3,4,
Road Fighter,16,8,H,NROM,0,
Road Man,128,128,V,MMC1,1,
Road Runner,64,128,H,MMC3,4,
Roadblasters,128,128,H,MMC1,1,
Robin Hood,256,0,H,MMC1,1,
Robocco Wars,256,128,H,MMC3,4,
Robocop,128,128,H,MMC3,4,
Robocop 2,128,128,V,MMC1,1,
Robocop 3,128,128,V,MMC1,1,
Robocop Vs Terminator,128,128,H,MMC3,4,
Robot Block (Stack-Up),32,8,H,NROM,0,
Robot Gyro (Gyromite),32,8,V,NROM,0,
Robowarrior,128,0,H,UNROM,2,
Rock N' Ball,128,64,H,MMC3,4,
Rocket Ranger,256,0,H,MMC1,1,
"Rocketeer, The",256,0,V,MMC1,1,
Rockin' Kats,128,128,H,MMC3,4,
Rockman,128,0,V,UNROM,2,
Rockman 2,256,0,V,MMC1,1,
Rockman 3,256,128,V,MMC3,4,
Rockman 4,512,0,V,MMC3,4,
Rockman 5,256,256,H,MMC3,4,
Rockman 6,512,0,V,MMC3,4,
Roger Clemens MVP Baseball,128,256,H,MMC3,4,
Rollerball,128,128,H,MMC1,1,
Rollergames,128,128,H,MMC3,4,
Rolling Thunder,128,128,H,MMC3,4,
Rolling Thunder (J),128,256,H,Namcot 106,19,
Romance of the Three Kingdoms,256,0,V,MMC1,1,
Romance of the Three Kingdoms 2,256,256,H,MMC5,5,
Romancia,128,0,V,MMC1,1,
Roundball,128,128,H,MMC3,4,
Route 16 Turbo,32,8,H,NROM,0,
RPG Life Game,256,128,H,MMC3,4,
Rush N' Attack,128,0,V,UNROM,2,
Rush N' Attack (PAL),128,0,V,UNROM,2,
Rygar,128,0,V,UNROM,2,
Sabaku no Kitune,128,128,V,MMC1,1,
Saint Seiya [hacked],256,0,V,FFE F4xxx,6,
Saint Seiya 2 [hacked?],128,128,H,MMC1,1,
Saiyuuki World,128,0,V,UNROM,2,
Saiyuuki World 2 [Hacked],128,128,V,FFE F8xxx,17,
Sakigake Otoko Jyuku,128,128,H,Bandai,16,
Salamander,128,0,V,UNROM,2,
Sanada Jyuuyuusi,128,128,H,MMC1,1,
Sangokusi,256,0,V,MMC1,1,
Sangokusi Chugen no Hasya,128,128,V,Namcot 106,19,
Sangokusi Chugen no Hasya 2 [Hacked],256,256,H,TC190V,48,
Sanma no Meitantei,128,64,H,MMC3,4,
Sanrio Carnival,32,32,V,CNROM,3,
Sanrio Cup Ponpon Bare,32,32,V,CNROM,3,
Sansa-Rana-Ga,256,128,V,MMC3,4,
Sarada no Kuni no Tomato Hime,256,0,V,MMC1,1,
Satomi Hakkenden,128,128,V,MMC1,1,
SCAT,128,128,H,MMC1,1,
SD Gundam Gachapon Senshi 2,128,128,V,MMC3,4,
SD Gundam Gachapon Senshi 3,128,128,H,MMC3,4,
SD Gundam Gachapon Senshi 4,256,256,V,MMC3,4,
SD Gundam Gachapon Senshi 5,128,128,V,MMC3,4,
SD Gundam Knight Story,256,128,H,Bandai,16,
SD Gundam Knight Story 2,256,256,H,Bandai,16,
SD Gundam Knight Story 3,256,256,V,Bandai,16,
SD Hatori Daisakusen,128,128,H,MMC3,4,
SD Hero Soukessen,128,128,H,MMC3,4,
SD Keiji Blader,128,128,H,Taito X117,82,
SD Sengoku Busyou Retsuden,128,128,H,MMC3,4,
Section Z,128,0,V,UNROM,2,
Seicross,32,8,V,NROM,0,
Seicross (J),32,8,V,NROM,0,
Seikima 2,32,32,H,CNROM,3,
Seirei Densetsu Lickle,256,128,H,MMC3,4,
Seirei Gari,256,0,V,UNROM,2,
Sekiryuu Ou,128,128,H,MMC1,1,
Senjou no Ookami,128,0,H,UNROM,2,
Sesame Street 123/ABC,128,128,H,MMC1,1,
Sesame Street ABC,32,32,H,MMC1,1,
Shadow Brain,128,256,V,MMC3,4,
Shadow of the Ninja,128,128,H,MMC3,4,
Shadow Warrior,128,128,H,MMC1,1,
Shadowgate,128,128,H,MMC3,4,
Shadowgate (J),128,128,H,MMC3,4,
Shadowgate (Swedish),128,128,H,MMC3,4,
Shaffle Fight,256,0,H,MMC3,4,
Shancara,128,128,V,MMC3,4,
Shanghai,128,0,H,UNROM,2,
Shanghai 2,128,0,V,UNROM,2,
Shatterhand,128,128,H,MMC3,4,
Sherlock Holmes,128,0,H,UNROM,2,
Shikin Jyou,128,0,H,MMC1,1,
Shin Satomi Hakkenden,256,0,H,MMC1,1,
Shingen The Ruler,256,0,H,MMC1,1,
Shinobi,128,128,H,Rambo-1,64,
Shinsenden,256,0,V,MMC1,1,
Shisen Mahjong Seifukuhen,32,64,H,CNROM,3,
Shogun,128,0,H,MMC1,1,
Shonen Ashibe,128,128,V,MMC3,4,
Shufflepuck Cafe,128,0,H,UNROM,2,
Side Pocket,128,0,H,UNROM,2,
Side Pocket (J),128,32,H,MMC3,4,
Sijyou Saidai Quiz ou Ketteisen,128,0,V,MMC1,1,
Silent Assault,64,64,H,Colour Dreams,11,
Silent Service,128,0,V,UNROM,2,
Silent Service (PAL),128,0,V,UNROM,2,
Silkworm,128,128,V,MMC1,1,
Silva Saga,256,256,H,MMC3,4,
Silver Surfer,128,256,H,MMC3,4,
Sinjinrui,32,32,V,CNROM,3,
Skate or Die,128,0,V,UNROM,2,
Skate or Die 2,256,128,V,MMC1,1,
Ski or Die,128,128,H,MMC1,1,
Sky Destroyer,16,8,H,NROM,0,
Sky Kid,32,64,H,MMC1,1,
Sky Kid (J),32,32,V,MMC3,4,
Sky Shark,64,128,H,MMC1,1,
Slalom,32,8,H,NROM,0,
Slalom (PAL),32,8,H,NROM,0,
Smash Ping Pong (Disk Conv.),32,16,H,CNROM,3,uses .sav file to load
Smash TV,128,112,H,MMC3,4,probably an incomplete dump
SMB / Duck Hunt / WC Track Meet,128,64,H,MMC1,1,
SMB / Tetris / Nint. World Cup,64,128,H,MMC3,4,
Snake Rattle N' Roll,32,32,H,MMC1,1,
Snake Rattle N' Roll (PAL),32,32,H,MMC1,1,
Snake's Revenge,128,128,H,MMC1,1,
Snoopy's Magic Show,128,128,V,MMC1,1,
Snow Bros,128,128,H,MMC1,1,
Soap Panic,32,32,V,CNROM,3,
Soccer,32,8,H,NROM,0,
Soccer (Disk Conversion),32,8,H,NROM,0,uses a .sav to load
Softball Tengoku,128,128,H,MMC1,1,
Solar Jetman,256,0,H,AOROM,7,
Solar Jetman (PAL),256,0,H,AOROM,7,
Solomon no Kagi,32,32,H,CNROM,3,
Solomon no Kagi 2,128,128,V,MMC3,4,
Solomon's Key,32,32,H,CNROM,3,
Solstice,128,0,H,AOROM,7,
Solstice (J),128,0,H,AOROM,7,
SoMari,256,256,H,MMC3,4,
Son Son,32,8,H,NROM,0,
Space Harrier,128,0,V,UNROM,2,
Space Hunter,32,32,H,CNROM,3,
Space Invaders,16,8,V,NROM,0,
Space Shuttle Project,256,0,V,MMC1,1,
Spartan X,32,8,V,NROM,0,
Spartan X2 [Hacked],128,128,V,FFE F8xxx,17,
Spelunker (J),32,8,V,NROM,0,
Spelunker 2,128,0,V,UNROM,2,
Spider-Man,128,208,H,MMC3,4,probable bad dump
Spiritual Warfare,128,128,V,Colour Dreams,11,
Splatterhouse,128,128,H,Namcot 106,19,
Spot,128,0,V,MMC1,1,
Spy Hunter,32,32,V,CNROM,3,
Spy Vs. Spy (J),32,8,V,NROM,0,
Sqoon,32,16,V,CNROM,3,
Sqoon (J),32,8,V,NROM,0,
Square no Tom Sawyer,256,0,H,MMC1,1,
Stanley,128,128,H,MMC3,4,
Star Force,32,32,V,CNROM,3,
Star Force (J),16,8,V,NROM,0,
Star Gate,16,8,V,NROM,0,
Star Luster,32,8,H,NROM,0,
Star Soldier (J),32,16,V,CNROM,3,
Star Trek,256,256,H,MMC3,4,
Star Trek - The Next Generation,128,0,H,UNROM,2,
Star Voyager,32,32,H,CNROM,3,
Star Wars,128,128,H,MMC3,4,
Star Wars (J - Namco version),128,128,H,MMC3,4,
Star Wars (PAL),128,128,H,MMC3,4,
Starship Hector,128,0,V,UNROM,2,
Startropics,256,256,V,MMC3,4,proper chip (MMC6) unsupported
Startropics 2,256,256,H,MMC3,4,proper chip (MMC6) unsupported
Stealth ATF,128,128,H,MMC1,1,
Stealth ATF (PAL),128,128,H,MMC1,1,
Sted Iseki Wakusei no Yabou,128,128,H,MMC1,1,
Stick Hunter,128,0,V,UNROM,2,
Stinger,128,0,V,UNROM,2,
Street Cop,128,128,H,MMC1,1,
Street Fighter 2010,128,128,H,MMC3,4,
Street Fighter 3,128,512,V,HK-SF3,91,
Strider,256,0,V,MMC1,1,
Sugoro Quest,128,128,V,MMC3,4,
Sukeban Deka 3,128,0,H,UNROM,2,
Super Arabian,16,8,H,NROM,0,
Super Black Onyx,256,0,V,MMC1,1,
Super Chinese Land,32,16,H,MMC3,4,
Super Chinese Land 2,128,128,H,MMC3,4,
Super Chinese Land 3,128,128,H,MMC1,1,
Super C,128,120,H,MMC3,4,missing another 8
Super Cars,128,0,H,UNROM,2,
Super Contra,128,128,V,MMC3,4,
Super Dodge Ball,128,128,H,MMC1,1,
Super Donkey Kong 2,128,256,V,MMC3,4,
Super Dynamix Badminton,32,8,V,NROM,0,
Super Express Satsujin Jiken,128,128,V,MMC3,4,
Super Glove Ball,128,0,V,UNROM,2,
Super Mario Bros,32,8,V,NROM,0,
Super Mario Bros (PAL),32,8,V,NROM,0,
Super Mario Bros (Disk Conv.),32,8,H,NROM,0, loads using a .sav
Super Mario Bros / Duck Hunt,64,16,H,74161/32,66,
Super Mario Bros 2,128,128,H,MMC3,4,
Super Mario Bros 2 (-1 PRG rev.),128,128,H,MMC3,4,
Super Mario Bros 3,256,128,H,MMC3,4,
Super Mario Bros 3 (-1 PRG Rev.),256,128,H,MMC3,4,
Super Mario Bros 3 (J),256,128,H,MMC3,4,
Super Mario Bros 3 (PAL),256,128,H,MMC3,4,
Super Mario USA,128,128,V,MMC3,4,
Super Momotarou Densetsu,256,0,H,MMC1,1,
Super Monkey Daibouken,32,32,V,CNROM,3,
Super Off Road,128,0,V,AOROM,7,
Super Pinball,128,0,H,UNROM,2,
Super Pitfall,128,0,V,UNROM,2,
Super Pitfall (J),128,0,V,UNROM,2,
Super Real Baseball,128,128,H,MMC1,1,
Super Robot Taisen 2,256,256,H,MMC3,4,
Super Spike V'Ball,128,128,H,MMC3,4,
Super Spike V'Ball/Nintendo World Cup,128,128,H,MMC3,4,missing about 256k?
Super Sprint,128,128,V,MMC3,4,
Super Spy Hunter,128,128,H,MMC3,4,
Super Star Force,128,0,V,UNROM,2,
Super Team Games,32,32,H,CNROM,3,
Super Turrican (PAL),128,128,H,MMC3,4,
Super Xevious,128,32,H,MMC3,4,
Superman,128,128,V,MMC1,1,
Superman (J),128,128,H,MMC1,1,
Swamp Thing,128,128,H,MMC1,1,
Swat,128,0,V,UNROM,2,
Sweet Home,256,0,H,MMC1,1,
Sword Master,128,128,H,MMC3,4,
Sword Master (J),128,128,H,MMC3,4,
Swords and Serpents,128,0,V,UNROM,2,
Syoukousi Sedy,256,0,V,MMC1,1,
T&C Surf Design,32,32,V,CNROM,3,
T&C Surf Design 2,128,128,H,MMC3,4,
Taboo,32,32,H,MMC1,1,
Tag Team Pro Wrestling,32,8,H,NROM,0,
Tag Team Wrestling,32,8,H,NROM,0,
Tagin' Dragon,32,16,V,Colour Dreams,11,
Taito Grand Prix,128,128,H,Taito X005,80,
Taiyou no Sinden,256,0,V,MMC1,1,
Takahasi Meijin no Boukenjima,32,32,V,CNROM,3,
Takahasi Meijin no Boukenjima 2,128,128,H,MMC3,4,
Takahasi Meijin no Boukenjima 3,128,128,H,MMC3,4,
Takahasi Meijin no Boukenjima 4,256,128,H,MMC3,4,
Takahasi Meijin no Bug Hunny,128,32,H,Nina-1,34,probably a mapper hack
Takeda Shingen,128,0,V,UNROM,2,
Takeda Shingen 2,256,0,V,MMC1,1,
Takeshi no Chousen Jyou,128,0,V,UNROM,2,
Takeshi no Sengoku Fuunji,128,128,H,MMC3,4,
Tale Spin,128,128,H,MMC1,1,
Tanikawa Kouji no Shogi Sinan 3,128,0,H,MMC1,1,
Tantei Jingujii Saburou Tokino Sugiyukumamani,128,0,H,UNROM,2,
Tao,128,128,V,MMC1,1,
Target Renegade,128,128,V,MMC1,1,
Tashiro Musasi no Princess Galppai,128,128,V,MMC1,1,
Tatakae Ramen Man,128,128,V,MMC1,1,
Tatakai no Banka,128,0,V,UNROM,2,
Tecmo Baseball,128,0,V,MMC1,1,
Tecmo Bowl,128,128,V,MMC1,1,
Tecmo Cup Soccer,128,128,H,MMC1,1,
Tecmo NBA Basketball,128,256,H,MMC3,4,
Tecmo Super Bowl,256,128,H,MMC3,4,
Tecmo World Wrestling,128,128,H,MMC1,1,
Tecmo World Wrestling (PAL),128,128,H,MMC1,1,
Teenage Mutant Hero Turtles,128,128,H,MMC1,1,
Teenage Mutant Ninja Turtles,128,128,H,MMC1,1,
Teenage Mutant Ninja Turtles PAL,128,128,H,MMC1,1,
Teenage Mutant Ninja Turtles 2,256,256,H,MMC3,4,
Teenage Mutant Ninja Turtles 3,256,256,H,MMC3,4,
Tekken 2,128,512,V,PCJY??,90,
Tenchi wo Kurau,256,0,V,MMC1,1,
Tenchi wo Kurau 2,512,0,V,MMC3,4,
Tennis,16,8,V,NROM,0,
"Terminator, The",128,128,H,MMC3,4,
Terminator 2,128,128,H,MMC3,4,
Terminator 2 (Beta Version),128,128,H,MMC3,4,
Terminator 2 (J),128,128,H,MMC3,4,
Terra Cresta (J),128,0,H,UNROM,2,
Tetrastar,256,256,V,MMC3,4,
Tetris,32,128,V,MMC1,1,
Tetris (Tengen),32,16,V,CNROM,3,
Tetris (J),32,32,V,CNROM,3,
Tetris 2,128,104,H,MMC3,4,missing 24k
Tetris 2 (PAL),128,128,H,MMC3,4,
Tetris 2 + Bombliss,128,0,H,MMC1,1,
Tetris Flash,128,128,H,MMC3,4,
Tetsuwan Atom,128,128,H,MMC3,4,
Tetudouou,32,32,V,CNROM,3,
Thexder,32,8,H,NROM,0,
"Three Stooges, The",128,128,H,MMC1,1,
Thunder and Lightning,128,128,V,MMC1,1,bad dump
Thunderbirds,128,128,H,MMC1,1,
Thunderbirds (J),128,128,V,MMC1,1,
Thundercade,128,0,H,UNROM,2,
Tiger-Heli (J),32,32,H,CNROM,3,
Time Lord,128,0,H,AOROM,7,
Time Lord (PAL),128,0,H,AOROM,7,
Time Stranger,128,0,V,UNROM,2,
Time Zone,128,128,H,MMC3,4,
Times of Lore,128,0,V,UNROM,2,
Tiny Toon Adventures,128,128,H,MMC3,4,
Tiny Toon Adventures 2,128,128,H,MMC3,4,
Tiny Toons Cartoon Workshop,128,128,H,MMC3,4,
Titan,128,0,V,MMC1,1,
Titei Senkuu Bazoruda,128,128,V,MMC3,4,
TM Network Live At Power Bowl,128,128,H,MMC3,4,
Tobidase Daisakusen 2,128,0,V,UNROM,2,
Toki,128,256,H,MMC3,4,
Tokorosan no Mamoru,32,32,V,CNROM,3,
Tokyukyuu Seirei Solbrain,128,128,H,MMC3,4,
Tom and Jerry,128,128,H,MMC3,4,
Tombs and Treasure,256,0,V,MMC1,1,
Tonjan,128,128,H,MMC1,1,
Toobin',128,64,H,MMC3,4,
Top Gun,128,0,H,UNROM,2,
Top Gun - The Second Mission,128,128,H,MMC3,4,
Top Players Tennis,128,128,V,MMC1,1,
Total Recall,128,0,V,UNROM,2,
Totally Rad,128,128,H,MMC3,4,
Totsuzen Macyoman,128,0,V,UNROM,2,
Touch,128,0,V,UNROM,2,
Touchdown Fever,128,32,H,MMC1,1,
Touchdown Fever (J),128,32,H,MMC1,1,
Touhou Kenbunroku,128,128,H,MMC1,1,
Toukaidou 53 Tugi,32,32,V,CNROM,3,
"Tower of Druaga, The",32,8,V,NROM,0,
Toxic Crusaders,128,128,H,MMC3,4,
Track and Field 2,128,128,H,MMC1,1,
Track and Field 2 (PAL),128,128,H,MMC1,1,
Transformers Combo,32,32,V,CNROM,3,
"Triathron, The",128,128,V,MMC1,1,
Trog,128,0,V,UNROM,2,
Trojan,128,0,V,UNROM,2,
Trojan (PAL),128,0,V,UNROM,2,
Trolls on Treasure Island,32,32,V,AVE,79,
Tsuppari Oozomou,32,32,V,CNROM,3,
Tsuppari Wars,128,128,H,MMC1,1,
Turbo Racing,128,128,H,MMC1,1,
Turikiti Sanpei Blue,128,0,V,UNROM,2,
Turupika Higemaru,128,128,H,SS8806,18,
Twin Cobra,128,128,H,MMC3,4,
Twinbee,32,16,H,CNROM,3,
Twinbee (Disk Conversion),32,0,H,NROM,0,loads using .sav file
Twinbee 3,128,128,H,VRC4-1B,22,
Uddy Poko,128,0,V,UNROM,2,
Ultima - Exodus,256,0,V,MMC1,1,
Ultima - Exodus (J),256,0,H,MMC1,1,
Ultima - Quest of the Avatar,256,0,V,MMC1,1,
Ultima - Quest of the Avatar (J),256,0,H,MMC1,1,
Ultima - Warriors of Destiny,256,0,H,MMC1,1,
Ultimate Air Combat,256,256,H,MMC3,4,
Ultimate Basketball,128,128,H,MMC3,4,
Ultimate League Soccer,32,64,H,AVE,79,
Ultimate Stuntman,256,0,V,Camerica,71,
Ultraman Club 2,128,128,H,MMC3,4,
Ultraman Club 3,256,128,H,MMC3,4,
Uncharted Waters,512,128,H,MMC5,5,
Uninvited,128,128,H,MMC3,4,
"Untouchables, The",128,128,H,MMC1,1,
Urban Champion,16,8,V,NROM,0,
Urusei Yatsura,32,32,V,CNROM,3,
US Championship V'Ball,128,128,V,MMC3,4,
Uturun Desu,128,128,V,MMC3,4,
Valis,128,0,V,UNROM,2,
Valkyure no Bouken,32,32,H,MMC3,4,
Vegas Connection,256,0,V,MMC1,1,
Vegas Dream,128,128,H,MMC1,1,
Venice Beach Volleyball,32,32,V,AVE,79,
"Venus Wars, The",128,128,V,MMC1,1,
Vice - Project Doom,128,128,H,MMC3,4,
Villgust Gaiden,128,256,V,MMC3,4,
Vindicators,64,32,V,MMC3,4,
Viva Las Vegas,128,128,V,MMC1,1,
Volguard 2,32,8,V,NROM,0,
Volleyball,32,16,V,CNROM,3,
Volleyball (Disk Conversion),32,8,H,NROM,0,loads with .sav
Vs. Castlevania,128,0,V,Unisystem,99,
Vs. Ice Climber,32,16,V,Unisystem,99,
Vs. Super Mario Bros,32,16,V,Unisystem,99,
Wacky Races,128,128,H,MMC3,4,
Wagyan Land,128,64,V,MMC3,4,
Wagyan Land 2,256,128,H,Namcot 106,19,
Wagyan Land 3,256,256,H,Namcot 106,19,
Wai Wai World,128,128,H,VRC2b,23,
Wai Wai World (Hacked),128,128,H,FFE F8xxx,17,
Wai Wai World 2,256,128,H,VRC4-2a,21,
Wairi no Write Rockboard,256,0,H,MMC3,4,
Wall Street Kid,128,0,H,UNROM,2,
Wanpaku Duck Yumebouken,128,0,V,UNROM,2,
Wanpaku Kokkun no Gurume World,128,128,H,MMC3,4,
Wario no Mori,256,256,V,MMC3,4,
Wario's Woods,256,256,H,MMC3,4,
Warpman,16,8,H,NROM,0,
Warwolf,128,128,V,MMC3,4,
Wayne Gretzky Hockey,128,0,V,UNROM,2,
Wayne's World,128,128,H,MMC3,4,
WCW Championship Wrestling,128,128,H,MMC3,4,
Werewolf,128,128,H,MMC3,4,
Western Kids,256,256,V,MMC3,4,
Wheel of Fortune,128,0,H,AOROM,7,
Wheel of Fortune Family Edition,128,0,H,AOROM,7,
Wheel of Fortune W/ Vanna White,128,0,H,AOROM,7,
Where in Time is Carmen Sandiego,128,256,H,MMC3,4,
Where's Waldo?,128,128,H,MMC3,4,
White Lion Densetsu,128,128,V,MMC1,1,
Who Framed Roger Rabbit?,128,0,H,AOROM,7,
Whomp 'Em,128,128,H,MMC3,4,
Widget,128,128,H,MMC3,4,
Wild Gunman,16,8,V,NROM,0,
Willow,128,128,H,MMC1,1,
Willow (J),128,128,H,MMC1,1,
"Win, Lose, or Draw",128,0,H,MMC1,1,
"Wing of Madoola, The",32,128,V,CNROM,3,
Winter Games,128,0,H,UNROM,2,
Wits,128,0,V,UNROM,2,
Wizardry - Knight of Diamonds,128,128,H,MMC3,4,
Wizardry - Knight of Diamonds(J),128,128,V,MMC3,4,
Wizardry - Legacy of Lyllgamyn,128,128,H,MMC3,4,
Wizardry - Proving Grounds,128,128,V,MMC1,1,
Wizardry - Proving Grounds (J),128,128,V,MMC1,1,
Wizards and Warriors,128,0,H,AOROM,7,
Wizards and Warriors (PAL),128,0,H,AOROM,7,
Wizards and Warriors 2,256,0,H,AOROM,7,
Wizards and Warriors 3,256,0,H,AOROM,7,
Wolverine,128,128,H,MMC3,4,
World Boxing,128,128,H,MMC1,1,
World Games,128,0,H,AOROM,7,
World Super Tennis,128,128,V,MMC1,1,
Wrath of the Black Manta,128,128,V,MMC1,1,
Wrecking Crew,32,8,H,NROM,0,
Wurm,128,128,H,MMC3,4,
WWF King of the Ring,128,256,H,MMC3,4,
WWF Steel Cage Challenge,128,256,H,MMC3,4,
WWF Steel Cage Challenge (PAL),128,256,H,MMC3,4,
WWF Wrestlemania,128,0,H,AOROM,7,
WWF Wrestlemania Challenge,256,0,H,AOROM,7,
X-Men,128,0,H,UNROM,2,
Xenophobe,128,128,H,MMC1,1,
Xevious (J),32,8,H,NROM,0,
Xexyz,128,128,H,MMC1,1,
Y's,256,0,H,MMC1,1,
Y's 2,256,128,V,MMC3,4,
Y's 3,256,128,H,MMC3,4,
Yie-Ar Kung-Fu,16,8,V,NROM,0,
Yo Nin Uti Majyan,16,8,V,NROM,0,
Yo Noid,128,128,H,MMC1,1,
Yokohama Renzoku Satsujin Jiken,128,128,V,MMC1,1,
Yoshi,128,128,H,MMC1,1,
Yoshi no Cookie,128,64,V,MMC3,4,
Yoshi no Tamago,128,32,H,MMC1,1,
Yoshi's Cookie,128,64,H,MMC3,4,
Youkai Club,128,32,V,74161/32,66,
Youkai Douchuki,128,128,V,Namcot 106,19,
Young Indiana Jones Chronicles,128,128,H,MMC3,4,
Yousike Ide's Battle Mahjongg,128,0,V,UNROM,2,
Yousike Ide's Battle Mahjongg 2,256,0,H,MMC1,1,
Yume Penguin Monogatari (Hacked),128,128,V,MMC3,4,
Zaiteku Satsujin Jiken,128,128,H,MMC3,4,
Zanac,128,0,H,UNROM,2,
Zelda no Densetsu,128,0,V,MMC1,1,
Zelda 2 - The Adventure of Link,128,112,H,MMC1,1,missing 16k
Zelda 2 (PAL),128,128,H,MMC1,1,
Zen - Intergalactic Ninja,128,128,H,MMC3,4,
Zenbei Pro Basket,128,128,V,MMC1,1,
Zippy Race,16,8,V,NROM,0,
Zoids,128,0,V,UNROM,2,
Zoids 2,256,0,V,MMC1,1,
Zoids 3,128,128,H,MMC3,4,
Zombie Hunter,128,32,V,MMC1,1,
Zombie Nation,128,128,H,MMC3,4,
,,,,,,
--MISC STUFF--,,,,,,
,,,,,,
These are just a few games that I have lying around that don't work because,,,,,,
they're either currently unsupported or just a regular bad dump. This section,,,,,,
is totally useless.,,,,,,
,,,,,,
76-in-1,2048,0,H,-none assigned-,,
110-in-1,2048,1024,H,-none assigned-,,
Cheetahmen 2,32,8,V,-none assigned-,,"probably a bad dump, too"
Deathbots,64,64,H,AVE,79,
Galactic Crusader,32,32,H,Colour Dreams,11,
Saint Seiya,64,128,H,74161/32,70,
Skull and Crossbones,128,64,H,Rambo-1,64,
Super Jeopardy,128,256,H,MMC1,1,
Tiles of Fate,32,32,H,AVE,79,
